[ "ColoredShapePipelineSettings", {
  "pipelineIndex" : 1,
  "pipelineType" : "ColoredShape",
  "inputImageFlipMode" : "NONE",
  "inputImageRotationMode" : "DEG_0",
  "pipelineNickname" : "Blue Cargo Best",
  "cameraExposure" : 97.6,
  "cameraBrightness" : 79,
  "cameraGain" : 50,
  "cameraRedGain" : 35,
  "cameraBlueGain" : 86,
  "cameraVideoModeIndex" : 0,
  "streamingFrameDivisor" : "NONE",
  "ledMode" : true,
  "inputShouldShow" : false,
  "outputShouldShow" : true,
  "hsvHue" : {
    "first" : 1,
    "second" : 135
  },
  "hsvSaturation" : {
    "first" : 34,
    "second" : 255
  },
  "hsvValue" : {
    "first" : 60,
    "second" : 255
  },
  "hueInverted" : false,
  "outputShouldDraw" : true,
  "outputShowMultipleTargets" : false,
  "contourArea" : {
    "first" : 0.0,
    "second" : 100.0
  },
  "contourRatio" : {
    "first" : 0.0,
    "second" : 20.0
  },
  "contourFullness" : {
    "first" : 0.0,
    "second" : 100.0
  },
  "contourSpecklePercentage" : 100,
  "contourSortMode" : "Largest",
  "contourTargetOffsetPointEdge" : "Center",
  "contourTargetOrientation" : "Landscape",
  "offsetRobotOffsetMode" : "None",
  "offsetSinglePoint" : {
    "x" : 0.0,
    "y" : 0.0
  },
  "offsetDualPointA" : {
    "x" : 0.0,
    "y" : 0.0
  },
  "offsetDualPointAArea" : 0.0,
  "offsetDualPointB" : {
    "x" : 0.0,
    "y" : 0.0
  },
  "offsetDualPointBArea" : 0.0,
  "contourGroupingMode" : "Single",
  "contourIntersection" : "Up",
  "solvePNPEnabled" : false,
  "targetModel" : "k2020HighGoalOuter",
  "cornerDetectionStrategy" : "APPROX_POLY_DP_AND_EXTREME_CORNERS",
  "cornerDetectionUseConvexHulls" : true,
  "cornerDetectionExactSideCount" : false,
  "cornerDetectionSideCount" : 4,
  "cornerDetectionAccuracyPercentage" : 10.0,
  "contourShape" : "Circle",
  "contourPerimeter" : {
    "first" : 0.0,
    "second" : 4000.0
  },
  "accuracyPercentage" : 10.0,
  "circleDetectThreshold" : 10,
  "contourRadius" : {
    "first" : 0,
    "second" : 100
  },
  "minDist" : 20,
  "maxCannyThresh" : 6,
  "circleAccuracy" : 11,
  "cameraCalibration" : null,
  "erode" : false,
  "dilate" : false
} ]